Unique ID,Title,Image,Show In IBLI On The Ground
what-is-ibli,What is IBLI?,,
where-is-ibli,Where is IBLI Offered?,,
coverage-areas,Coverage Areas,,
past-premiums,Past Premiums,,
current-premiums,Current Premiums,,
whats-going-on,What's Going On In My Area?,,
yes-i-want,"Yes, I Want to Protect My Livestock from Drought!",,
reports,Reports,,
learn-more,Learn More,,
ethiopia,Ethiopia,,
kenya,Kenya,,
index-based-livestock-takaful-in-wajir,Index-Based Livestock Takaful In Wajir,ibli-on-the-ground1.jpg,1
mifugo-maisha-in-marsabit,Index-Based Livestock Insurance Mifugo Maisha In Marsabit,ibli-on-the-ground2.jpg,1
index-based-livestock-insurance-in-borana,Index-Based Livestock Insurance In Borana,ibli-on-the-ground3.jpg,1
mifugo-maisha-in-isiolo,Index-Based Livestock Insurance in Isiolo,ibli-on-the-ground4.jpg,1
